permission_id,role_id,permission_name,access_level,is_allowed
1,1,view_attendance,read,0
2,1,view_employees,read,0
3,2,view_attendance,read,0
4,2,view_employees,read,0
5,2,approve_leave,read,0
6,3,view_attendance,read,0
7,3,edit_attendance,write,1
8,3,approve_leave,write,1
9,4,view_attendance,write,1
10,4,view_salary,write,1
11,4,edit_salary,write,1
12,5,view_salary,admin,1
13,5,edit_salary,write,1
14,5,edit_employees,write,1
15,5,view_reports,write,1
16,6,view_attendance,read,0
17,6,view_employees,read,0
18,7,view_attendance,read,0
19,7,view_employees,read,0
20,7,approve_leave,read,0
21,8,view_attendance,read,0
22,8,edit_attendance,write,1
23,8,approve_leave,write,1
24,9,view_attendance,write,1
25,9,view_salary,write,1
26,9,edit_salary,write,1
27,10,view_salary,admin,1
28,10,edit_salary,write,1
29,10,edit_employees,write,1
30,10,view_reports,write,1
31,11,view_attendance,read,0
32,11,view_employees,read,0
33,12,view_attendance,read,0
34,12,view_employees,read,0
35,12,approve_leave,read,0
36,13,view_attendance,read,0
37,13,edit_attendance,write,1
38,13,approve_leave,write,1
39,14,view_attendance,write,1
40,14,view_salary,read,0
41,14,edit_salary,read,0
42,15,view_attendance,read,0
43,15,view_employees,read,0
44,16,view_attendance,read,0
45,16,view_employees,read,0
46,16,approve_leave,read,0
47,17,view_attendance,read,0
48,17,edit_attendance,write,1
49,17,approve_leave,write,1
50,18,view_attendance,write,1
51,18,view_salary,write,1
52,18,edit_salary,write,1
53,19,view_salary,admin,1
54,19,edit_salary,write,1
55,19,edit_employees,write,1
56,19,view_reports,write,1
57,20,edit_employees,admin,1
58,20,edit_salary,admin,1
59,20,view_reports,admin,1
60,21,view_attendance,read,0
61,21,view_employees,read,0
62,22,view_attendance,read,0
63,22,view_employees,read,0
64,22,approve_leave,read,0
65,23,view_attendance,read,0
66,23,edit_attendance,write,1
67,23,approve_leave,write,1
68,24,view_attendance,write,1
69,24,view_salary,write,1
70,24,edit_salary,write,1
71,25,view_salary,admin,1
72,25,edit_salary,write,1
73,25,edit_employees,write,1
74,25,view_reports,write,1
75,26,edit_employees,admin,1
76,26,edit_salary,admin,1
77,26,view_reports,admin,1
78,27,view_attendance,read,0
79,27,view_employees,read,0
80,28,view_attendance,read,0
81,28,view_employees,read,0
82,28,approve_leave,read,0
83,29,view_attendance,read,0
84,29,edit_attendance,write,1
85,29,approve_leave,write,1
86,30,view_attendance,write,1
87,30,view_salary,read,0
88,30,edit_salary,read,0
89,31,view_attendance,read,0
90,31,view_employees,read,0
91,32,view_attendance,read,0
92,32,view_employees,read,0
93,32,approve_leave,read,0
94,33,view_attendance,read,0
95,33,edit_attendance,write,1
96,33,approve_leave,write,1
97,34,view_attendance,write,1
98,34,view_salary,read,0
99,34,edit_salary,read,0
100,35,view_salary,admin,1
101,35,edit_salary,write,1
102,35,edit_employees,write,1
103,35,view_reports,write,1
104,36,view_attendance,read,0
105,36,view_employees,read,0
106,37,view_attendance,read,0
107,37,view_employees,read,0
108,37,approve_leave,read,0
109,38,view_attendance,read,0
110,38,edit_attendance,write,1
111,38,approve_leave,write,1
112,39,view_attendance,write,1
113,39,view_salary,read,0
114,39,edit_salary,read,0
115,40,view_attendance,read,0
116,40,view_employees,read,0
117,41,view_attendance,read,0
118,41,view_employees,read,0
119,41,approve_leave,read,0
120,42,view_attendance,read,0
121,42,edit_attendance,write,1
122,42,approve_leave,write,1
123,43,view_attendance,write,1
124,43,view_salary,read,0
125,43,edit_salary,read,0
